username,rank
Raxxi,Owner
Paw,Deputy Owner
Olafs,Deputy Owner
eatmyshorts,Deputy Owner
Loafing,Deputy Owner
Musician,Overseer
Siv HD,Overseer
Dan K,Overseer
GL0BAL,Overseer
Kronicitus,Coordinator
ROM0,Coordinator
Elii,Organiser
T3HP1553D,Organiser
River Song 3,Organiser
Own Jue All,Admin
Maj1n Boo,Admin
Jappelflap,Admin
FeRaxxi,Admin
Guardian Key,Admin
FePaw,Admin
Recon Mystic,Admin
Ball of Tar,Admin
Water Cookie,Admin
Kangit6stuk,Admin
Miniyakkos,Admin
Wye,Admin
MFS Loafing,Admin
Kratos,Admin
Candy God,Admin
Lilspewez,Admin
SirGuthixx,Admin
Den Dax,Admin
MyRsCrashed,Admin
Carisa,Admin
Porphyrius,Admin
Burner121,Admin
Pollylop,Admin
Madame Bexy,General
Dragonboehm,General
Ange1ofd3th,General
Shinikami1,General
Darkminer238,General
Sadeyes1111,General
Cure Flora,General
D3thofAnge1,General
Sinful Matty,General
Ravnican393,Captain
tunz o money,Captain
FarizoR,Captain
InkoAmifumi,Captain
Tahael,Captain
My Eloquence,Captain
Michael gab1,Captain
Triptsy,Captain
KontPluisje,Captain
Sandes,Captain
3ra,Captain
Raivyn,Captain
Funkyfreak29,Captain
Big Bad Newb,Captain
Gordie Howe,Captain
Justinms159,Captain
Torvar,Captain
Lewis XD,Captain
ImANoobNow,Captain
Seale,Captain
Turds,Captain
EnjoySkating,Captain
Mikey M,Captain
Driftin,Captain
Melanthios,Captain
Hayden B,Captain
Kal Zah,Captain
Rangaw,Captain
Leetwelfare,Captain
xXD4KXx,Captain
Calquat Tree,Lieutenant
SIayer xD,Lieutenant
King Flocka,Lieutenant
neptune07,Lieutenant
EustisAnChll,Lieutenant
Qru Reds,Lieutenant
I Am Basic,Lieutenant
VIP Adrian,Lieutenant
H6,Lieutenant
Loafing v2,Lieutenant
Pagas,Lieutenant
TraftonJohn,Lieutenant
Darisian,Lieutenant
Rothchild,Lieutenant
Jimbogun,Lieutenant
Eqt,Sergeant
Im Nicki,Sergeant
Treillage,Sergeant
Mo Magic10,Sergeant
Amanda Lee,Sergeant
xx bambino,Sergeant
Sha,Sergeant
Runedragonic,Sergeant
Mr Vibe,Sergeant
XT Assassin,Sergeant
Slayerbane,Sergeant
TyNo PVM,Sergeant
SAmmy TANghe,Sergeant
Bbw Gengar,Sergeant
Lord Kryz,Sergeant
Erka,Sergeant
Cursed Black,Sergeant
Vaseth,Sergeant
NoNameNoob,Sergeant
HoBoKing 7,Sergeant
Playdoh,Sergeant
LonexViper,Corporal
zonta,Corporal
SooCheap,Corporal
Mrs Asia,Corporal
x_king-astro,Corporal
LJennifer,Corporal
WrongChat0o,Corporal
Aphrade,Corporal
Iron Dan K,Corporal
Enade,Corporal
Pear God,Corporal
Zorto,Corporal
Q 8,Corporal
Alfreezy,Corporal
Myro Jalg,Corporal
Nightfallss,Corporal
Kenko Takeda,Corporal
RomanxEmpire,Corporal
Cure Mermaid,Corporal
sjongstar,Corporal
Candy God Jr,Corporal
Fuscus Terra,Corporal
XcandyguyX,Corporal
DominusChaos,Corporal
9jg,Corporal
Ulfwar,Corporal
smiley pvm,Corporal
Jimmyhk,Corporal
Deysean,Corporal
WOMBO COMB0,Corporal
Sno Fox,Corporal
BulletBlitz,Corporal
YounGer19,Corporal
Edansyr,Corporal
DeathWish4,Corporal
9s1,Corporal
BadassMF,Corporal
Gnarly Bones,Corporal
Latherme,Corporal
Lord Desan,Corporal
DevonXP,Corporal
0 M E N,Corporal
EFenix,Corporal
Noisi,Corporal
PoisonDarts,Corporal
